FirstName,LastName
Paul,Knutson
Barack,Obama
Erna,Solberg
Carolyn, Leonard
Shiloh, Crane
Emmy, Lozano
Boone, Dyer
Estrella, Fry
Jacoby, Leal
Murphy, Chavez
Ian, Gardner
Jordyn, Dodson
Seven, Pugh
Landry, Reed
Easton, Miller
Isabella, Sullivan
Evan, Brady
Ryan, Ali
Arjun, Esparza
Ramona, Acevedo
Dakari, Oâ€™Connor
Charli, Arias
Alec, Burns
Emerson, Zavala
Dillon, Larsen
Xiomara, Ali
Arjun, Garrison
Cadence, Brady
Reed, Williamson
Catherine, Kirby
Tony, Guerra
Edith, Jones
William, Dunlap
Iliana, Mendoza
Dominic, Nixon
Deborah, Levy
Harold, McConnell
Denise, Craig
Odin, Ray
Ruth, Shields
Devon, Murillo
Mikaela, Hayden
Leroy, Harrington
Legacy, Barnett
Stephen, Baldwin
Esmeralda, Osborne
Augustus, Finley
Jovie, Mullins
Allen, Skinner
Mara, Gross
Quinn, Pierce
Arabella, Hampton
Hank, Jordan
Adalynn, McCoy
Jett, Hess
Kaliyah, Shields
Devon, Strickland
Nia, Melton
Lennon, Friedman
Aspyn, Anderson
Jacob, Phelps
Laney, Myers
Adam, Booker
Nataly, Woodward
Jeremias, Beltran
Kaydence, Salas
Zaiden, Carroll
Zara, Madden
Everest, Kelly
Ruby, Clark
John, Alfaro
Yasmin, Nava
Stephanie, Mccarthy
